[
  {
    "model": "auth.user",
    "pk": 1,
    "fields": {
      "password": "pbkdf2_sha256$320000$ZzeQTuTv9akzofXJCnLKWZ$X0RxOZyTrNggReF1fVeKvN5Zf+Dlncvbyq7N5+NAmxg=",
      "last_login": "2022-01-12T13:58:07.059Z",
      "is_superuser": true,
      "username": "admin",
      "first_name": "",
      "last_name": "",
      "email": "admin@quiz.com.br",
      "is_staff": true,
      "is_active": true,
      "date_joined": "2022-01-09T19:24:54.190Z",
      "groups": [],
      "user_permissions": []
    }
  },
  {
    "model": "auth.user",
    "pk": 2,
    "fields": {
      "password": "pbkdf2_sha256$320000$lEzeCk3ieALMS6r4j6hDvV$JiSJGOylfeForhsDJBxbnzKn85CuTGjtWipV1XXFQ5A=",
      "last_login": null,
      "is_superuser": false,
      "username": "joe",
      "first_name": "",
      "last_name": "",
      "email": "",
      "is_staff": false,
      "is_active": true,
      "date_joined": "2022-01-12T14:16:18Z",
      "groups": [],
      "user_permissions": []
    }
  },
  {
    "model": "quizzes.topic",
    "pk": 1,
    "fields": {
      "created_at": "2022-01-12T14:01:01.808Z",
      "updated_at": "2022-01-12T14:01:01.808Z",
      "name": "Math"
    }
  },
  {
    "model": "quizzes.topic",
    "pk": 2,
    "fields": {
      "created_at": "2022-01-12T14:01:04.862Z",
      "updated_at": "2022-01-12T14:01:04.862Z",
      "name": "History"
    }
  },
  {
    "model": "quizzes.topic",
    "pk": 3,
    "fields": {
      "created_at": "2022-01-12T14:01:18.736Z",
      "updated_at": "2022-01-12T14:01:18.736Z",
      "name": "Biology"
    }
  },
  {
    "model": "quizzes.topic",
    "pk": 4,
    "fields": {
      "created_at": "2022-01-12T14:01:26.131Z",
      "updated_at": "2022-01-12T14:01:26.131Z",
      "name": "Geography"
    }
  },
  {
    "model": "quizzes.quiz",
    "pk": 1,
    "fields": {
      "created_at": "2022-01-12T14:01:52.772Z",
      "updated_at": "2022-01-12T14:01:52.772Z",
      "topic": 1,
      "name": "Algebra"
    }
  },
  {
    "model": "quizzes.quiz",
    "pk": 2,
    "fields": {
      "created_at": "2022-01-12T14:02:06.737Z",
      "updated_at": "2022-01-12T14:02:06.738Z",
      "topic": 1,
      "name": "Trigonometry"
    }
  },
  {
    "model": "quizzes.quiz",
    "pk": 3,
    "fields": {
      "created_at": "2022-01-12T14:02:35.558Z",
      "updated_at": "2022-01-12T14:02:35.558Z",
      "topic": 1,
      "name": "Geometry"
    }
  },
  {
    "model": "quizzes.quiz",
    "pk": 4,
    "fields": {
      "created_at": "2022-01-12T14:03:39.727Z",
      "updated_at": "2022-01-12T14:03:39.727Z",
      "topic": 2,
      "name": "Second World War"
    }
  },
  {
    "model": "quizzes.quiz",
    "pk": 5,
    "fields": {
      "created_at": "2022-01-12T14:03:47.633Z",
      "updated_at": "2022-01-12T14:03:47.633Z",
      "topic": 2,
      "name": "Brazil"
    }
  },
  {
    "model": "quizzes.quiz",
    "pk": 6,
    "fields": {
      "created_at": "2022-01-12T14:04:49.403Z",
      "updated_at": "2022-01-12T14:04:49.403Z",
      "topic": 2,
      "name": "Egypt"
    }
  },
  {
    "model": "quizzes.quiz",
    "pk": 7,
    "fields": {
      "created_at": "2022-01-12T14:05:43.582Z",
      "updated_at": "2022-01-12T14:05:43.582Z",
      "topic": 3,
      "name": "Anatomy"
    }
  },
  {
    "model": "quizzes.quiz",
    "pk": 8,
    "fields": {
      "created_at": "2022-01-12T14:05:56.454Z",
      "updated_at": "2022-01-12T14:05:56.454Z",
      "topic": 3,
      "name": "Genetics"
    }
  },
  {
    "model": "quizzes.quiz",
    "pk": 9,
    "fields": {
      "created_at": "2022-01-12T14:06:12.306Z",
      "updated_at": "2022-01-12T14:06:12.306Z",
      "topic": 3,
      "name": "Botany"
    }
  },
  {
    "model": "quizzes.quiz",
    "pk": 10,
    "fields": {
      "created_at": "2022-01-12T14:06:53.130Z",
      "updated_at": "2022-01-12T14:06:53.130Z",
      "topic": 4,
      "name": "Environmental"
    }
  },
  {
    "model": "quizzes.quiz",
    "pk": 11,
    "fields": {
      "created_at": "2022-01-12T14:07:05.871Z",
      "updated_at": "2022-01-12T14:07:27.646Z",
      "topic": 4,
      "name": "Hydrography"
    }
  },
  {
    "model": "quizzes.question",
    "pk": 1,
    "fields": {
      "created_at": "2022-01-12T14:07:57.130Z",
      "updated_at": "2022-01-12T14:07:57.130Z",
      "quiz": 1,
      "question": "Question Algebra 1"
    }
  },
  {
    "model": "quizzes.question",
    "pk": 2,
    "fields": {
      "created_at": "2022-01-12T14:08:00.809Z",
      "updated_at": "2022-01-12T14:08:00.809Z",
      "quiz": 1,
      "question": "Question Algebra 2"
    }
  },
  {
    "model": "quizzes.question",
    "pk": 3,
    "fields": {
      "created_at": "2022-01-12T14:08:04.327Z",
      "updated_at": "2022-01-12T14:08:04.327Z",
      "quiz": 1,
      "question": "Question Algebra 3"
    }
  },
  {
    "model": "quizzes.question",
    "pk": 4,
    "fields": {
      "created_at": "2022-01-12T14:08:10.814Z",
      "updated_at": "2022-01-12T14:08:10.814Z",
      "quiz": 1,
      "question": "Question Algebra 4"
    }
  },
  {
    "model": "quizzes.question",
    "pk": 5,
    "fields": {
      "created_at": "2022-01-12T14:08:20.918Z",
      "updated_at": "2022-01-12T14:08:20.918Z",
      "quiz": 2,
      "question": "Question Trigonometry 1"
    }
  },
  {
    "model": "quizzes.question",
    "pk": 6,
    "fields": {
      "created_at": "2022-01-12T14:08:25.155Z",
      "updated_at": "2022-01-12T14:08:25.155Z",
      "quiz": 2,
      "question": "Question Trigonometry 2"
    }
  },
  {
    "model": "quizzes.question",
    "pk": 7,
    "fields": {
      "created_at": "2022-01-12T14:08:28.690Z",
      "updated_at": "2022-01-12T14:08:28.690Z",
      "quiz": 2,
      "question": "Question Trigonometry 3"
    }
  },
  {
    "model": "quizzes.question",
    "pk": 8,
    "fields": {
      "created_at": "2022-01-12T14:08:32.222Z",
      "updated_at": "2022-01-12T14:08:32.222Z",
      "quiz": 2,
      "question": "Question Trigonometry 4"
    }
  },
  {
    "model": "quizzes.question",
    "pk": 9,
    "fields": {
      "created_at": "2022-01-12T14:08:37.892Z",
      "updated_at": "2022-01-12T14:08:37.892Z",
      "quiz": 2,
      "question": "Question Trigonometry 5"
    }
  },
  {
    "model": "quizzes.question",
    "pk": 10,
    "fields": {
      "created_at": "2022-01-12T14:08:44.282Z",
      "updated_at": "2022-01-12T14:08:44.282Z",
      "quiz": 3,
      "question": "Question Geometry 1"
    }
  },
  {
    "model": "quizzes.question",
    "pk": 11,
    "fields": {
      "created_at": "2022-01-12T14:08:47.819Z",
      "updated_at": "2022-01-12T14:08:47.819Z",
      "quiz": 3,
      "question": "Question Geometry 2"
    }
  },
  {
    "model": "quizzes.question",
    "pk": 12,
    "fields": {
      "created_at": "2022-01-12T14:08:57.027Z",
      "updated_at": "2022-01-12T14:08:57.027Z",
      "quiz": 4,
      "question": "Question Second World War 1"
    }
  },
  {
    "model": "quizzes.question",
    "pk": 13,
    "fields": {
      "created_at": "2022-01-12T14:09:00.678Z",
      "updated_at": "2022-01-12T14:09:00.678Z",
      "quiz": 4,
      "question": "Question Second World War 2"
    }
  },
  {
    "model": "quizzes.question",
    "pk": 14,
    "fields": {
      "created_at": "2022-01-12T14:09:03.862Z",
      "updated_at": "2022-01-12T14:09:03.862Z",
      "quiz": 4,
      "question": "Question Second World War 3"
    }
  },
  {
    "model": "quizzes.question",
    "pk": 15,
    "fields": {
      "created_at": "2022-01-12T14:09:12.683Z",
      "updated_at": "2022-01-12T14:09:12.684Z",
      "quiz": 5,
      "question": "Question Brazil 1"
    }
  },
  {
    "model": "quizzes.question",
    "pk": 16,
    "fields": {
      "created_at": "2022-01-12T14:09:16.693Z",
      "updated_at": "2022-01-12T14:09:16.693Z",
      "quiz": 5,
      "question": "Question Brazil 2"
    }
  },
  {
    "model": "quizzes.question",
    "pk": 17,
    "fields": {
      "created_at": "2022-01-12T14:09:20.048Z",
      "updated_at": "2022-01-12T14:09:20.048Z",
      "quiz": 5,
      "question": "Question Brazil 3"
    }
  },
  {
    "model": "quizzes.question",
    "pk": 18,
    "fields": {
      "created_at": "2022-01-12T14:09:25.566Z",
      "updated_at": "2022-01-12T14:09:25.566Z",
      "quiz": 6,
      "question": "Question Egypt 1"
    }
  },
  {
    "model": "quizzes.question",
    "pk": 19,
    "fields": {
      "created_at": "2022-01-12T14:09:30.110Z",
      "updated_at": "2022-01-12T14:09:30.110Z",
      "quiz": 6,
      "question": "Question Egypt 2"
    }
  },
  {
    "model": "quizzes.question",
    "pk": 20,
    "fields": {
      "created_at": "2022-01-12T14:09:36.107Z",
      "updated_at": "2022-01-12T14:09:36.107Z",
      "quiz": 7,
      "question": "Question Anatomy 1"
    }
  },
  {
    "model": "quizzes.question",
    "pk": 21,
    "fields": {
      "created_at": "2022-01-12T14:09:39.668Z",
      "updated_at": "2022-01-12T14:09:39.668Z",
      "quiz": 7,
      "question": "Question Anatomy 2"
    }
  },
  {
    "model": "quizzes.question",
    "pk": 22,
    "fields": {
      "created_at": "2022-01-12T14:09:42.826Z",
      "updated_at": "2022-01-12T14:09:42.826Z",
      "quiz": 7,
      "question": "Question Anatomy 3"
    }
  },
  {
    "model": "quizzes.question",
    "pk": 23,
    "fields": {
      "created_at": "2022-01-12T14:09:46.621Z",
      "updated_at": "2022-01-12T14:09:46.621Z",
      "quiz": 7,
      "question": "Question Anatomy 4"
    }
  },
  {
    "model": "quizzes.question",
    "pk": 24,
    "fields": {
      "created_at": "2022-01-12T14:09:52.939Z",
      "updated_at": "2022-01-12T14:09:52.939Z",
      "quiz": 8,
      "question": "Question Genetics 1"
    }
  },
  {
    "model": "quizzes.question",
    "pk": 25,
    "fields": {
      "created_at": "2022-01-12T14:09:56.670Z",
      "updated_at": "2022-01-12T14:09:56.670Z",
      "quiz": 8,
      "question": "Question Genetics 2"
    }
  },
  {
    "model": "quizzes.question",
    "pk": 26,
    "fields": {
      "created_at": "2022-01-12T14:10:02.380Z",
      "updated_at": "2022-01-12T14:10:02.380Z",
      "quiz": 9,
      "question": "Question Botany 1"
    }
  },
  {
    "model": "quizzes.question",
    "pk": 27,
    "fields": {
      "created_at": "2022-01-12T14:10:05.923Z",
      "updated_at": "2022-01-12T14:10:05.923Z",
      "quiz": 9,
      "question": "Question Botany 2"
    }
  },
  {
    "model": "quizzes.question",
    "pk": 28,
    "fields": {
      "created_at": "2022-01-12T14:10:12.292Z",
      "updated_at": "2022-01-12T14:10:12.292Z",
      "quiz": 10,
      "question": "Question Environmental 1"
    }
  },
  {
    "model": "quizzes.question",
    "pk": 29,
    "fields": {
      "created_at": "2022-01-12T14:10:16.350Z",
      "updated_at": "2022-01-12T14:10:16.350Z",
      "quiz": 10,
      "question": "Question Environmental 2"
    }
  },
  {
    "model": "quizzes.question",
    "pk": 30,
    "fields": {
      "created_at": "2022-01-12T14:10:20.493Z",
      "updated_at": "2022-01-12T14:10:20.493Z",
      "quiz": 10,
      "question": "Question Environmental 3"
    }
  },
  {
    "model": "quizzes.question",
    "pk": 31,
    "fields": {
      "created_at": "2022-01-12T14:10:26.692Z",
      "updated_at": "2022-01-12T14:10:26.692Z",
      "quiz": 11,
      "question": "Question Hydrography 1"
    }
  },
  {
    "model": "quizzes.question",
    "pk": 32,
    "fields": {
      "created_at": "2022-01-12T14:10:30.426Z",
      "updated_at": "2022-01-12T14:10:30.426Z",
      "quiz": 11,
      "question": "Question Hydrography 2"
    }
  },
  {
    "model": "quizzes.question",
    "pk": 33,
    "fields": {
      "created_at": "2022-01-12T14:10:34.291Z",
      "updated_at": "2022-01-12T14:10:34.291Z",
      "quiz": 11,
      "question": "Question Hydrography 3"
    }
  },
  {
    "model": "quizzes.answer",
    "pk": 1,
    "fields": {
      "created_at": "2022-01-12T14:10:53.941Z",
      "updated_at": "2022-01-12T14:10:53.941Z",
      "question": 1,
      "answer": "Answer Algebra 1 - 1",
      "correct": false
    }
  },
  {
    "model": "quizzes.answer",
    "pk": 2,
    "fields": {
      "created_at": "2022-01-12T14:10:58.127Z",
      "updated_at": "2022-01-12T14:10:58.127Z",
      "question": 1,
      "answer": "Answer Algebra 1 - 2",
      "correct": false
    }
  },
  {
    "model": "quizzes.answer",
    "pk": 3,
    "fields": {
      "created_at": "2022-01-12T14:11:02.967Z",
      "updated_at": "2022-01-12T14:11:02.967Z",
      "question": 1,
      "answer": "Answer Algebra 1 - 3",
      "correct": true
    }
  },
  {
    "model": "quizzes.answer",
    "pk": 4,
    "fields": {
      "created_at": "2022-01-12T14:11:08.998Z",
      "updated_at": "2022-01-12T14:11:08.998Z",
      "question": 1,
      "answer": "Answer Algebra 1 - 4",
      "correct": false
    }
  },
  {
    "model": "quizzes.answer",
    "pk": 5,
    "fields": {
      "created_at": "2022-01-12T14:11:14.265Z",
      "updated_at": "2022-01-12T14:11:14.265Z",
      "question": 2,
      "answer": "Answer Algebra 2 - 1",
      "correct": false
    }
  },
  {
    "model": "quizzes.answer",
    "pk": 6,
    "fields": {
      "created_at": "2022-01-12T14:11:18.248Z",
      "updated_at": "2022-01-12T14:11:18.248Z",
      "question": 2,
      "answer": "Answer Algebra 2 - 2",
      "correct": true
    }
  },
  {
    "model": "quizzes.answer",
    "pk": 7,
    "fields": {
      "created_at": "2022-01-12T14:11:21.649Z",
      "updated_at": "2022-01-12T14:11:21.649Z",
      "question": 2,
      "answer": "Answer Algebra 2 - 3",
      "correct": false
    }
  },
  {
    "model": "quizzes.answer",
    "pk": 8,
    "fields": {
      "created_at": "2022-01-12T14:11:35.669Z",
      "updated_at": "2022-01-12T14:11:35.669Z",
      "question": 2,
      "answer": "Answer Algebra 2 - 4",
      "correct": false
    }
  },
  {
    "model": "quizzes.answer",
    "pk": 9,
    "fields": {
      "created_at": "2022-01-12T14:11:42.702Z",
      "updated_at": "2022-01-12T14:11:42.702Z",
      "question": 3,
      "answer": "Answer Algebra 3 - 1",
      "correct": true
    }
  },
  {
    "model": "quizzes.answer",
    "pk": 10,
    "fields": {
      "created_at": "2022-01-12T14:11:46.507Z",
      "updated_at": "2022-01-12T14:11:46.507Z",
      "question": 3,
      "answer": "Answer Algebra 3 - 2",
      "correct": false
    }
  },
  {
    "model": "quizzes.answer",
    "pk": 11,
    "fields": {
      "created_at": "2022-01-12T14:11:50.651Z",
      "updated_at": "2022-01-12T14:11:50.651Z",
      "question": 3,
      "answer": "Answer Algebra 3 - 3",
      "correct": false
    }
  },
  {
    "model": "quizzes.answer",
    "pk": 12,
    "fields": {
      "created_at": "2022-01-12T14:11:55.955Z",
      "updated_at": "2022-01-12T14:11:55.955Z",
      "question": 3,
      "answer": "Answer Algebra 3 - 4",
      "correct": false
    }
  },
  {
    "model": "quizzes.answer",
    "pk": 13,
    "fields": {
      "created_at": "2022-01-12T14:12:03.643Z",
      "updated_at": "2022-01-12T14:12:03.643Z",
      "question": 4,
      "answer": "Answer Algebra 4 - 1",
      "correct": true
    }
  },
  {
    "model": "quizzes.answer",
    "pk": 14,
    "fields": {
      "created_at": "2022-01-12T14:12:06.837Z",
      "updated_at": "2022-01-12T14:12:06.837Z",
      "question": 4,
      "answer": "Answer Algebra 4 - 2",
      "correct": false
    }
  },
  {
    "model": "quizzes.answer",
    "pk": 15,
    "fields": {
      "created_at": "2022-01-12T14:12:11.342Z",
      "updated_at": "2022-01-12T14:12:11.342Z",
      "question": 4,
      "answer": "Answer Algebra 4 - 3",
      "correct": false
    }
  },
  {
    "model": "quizzes.answer",
    "pk": 16,
    "fields": {
      "created_at": "2022-01-12T14:12:14.919Z",
      "updated_at": "2022-01-12T14:12:14.919Z",
      "question": 4,
      "answer": "Answer Algebra 4 - 4",
      "correct": false
    }
  },
  {
    "model": "quizzes.answer",
    "pk": 17,
    "fields": {
      "created_at": "2022-01-12T14:12:37.518Z",
      "updated_at": "2022-01-12T14:12:37.518Z",
      "question": 5,
      "answer": "Answer Trigonometry 1 - 1",
      "correct": false
    }
  },
  {
    "model": "quizzes.answer",
    "pk": 18,
    "fields": {
      "created_at": "2022-01-12T14:12:41.329Z",
      "updated_at": "2022-01-12T14:12:41.329Z",
      "question": 5,
      "answer": "Answer Trigonometry 1 - 2",
      "correct": true
    }
  },
  {
    "model": "quizzes.answer",
    "pk": 19,
    "fields": {
      "created_at": "2022-01-12T14:12:47.810Z",
      "updated_at": "2022-01-12T14:12:47.810Z",
      "question": 5,
      "answer": "Answer Trigonometry 1 - 3",
      "correct": false
    }
  },
  {
    "model": "quizzes.answer",
    "pk": 20,
    "fields": {
      "created_at": "2022-01-12T14:12:51.119Z",
      "updated_at": "2022-01-12T14:12:51.119Z",
      "question": 5,
      "answer": "Answer Trigonometry 1 - 4",
      "correct": false
    }
  },
  {
    "model": "quizzes.answer",
    "pk": 21,
    "fields": {
      "created_at": "2022-01-12T14:12:57.981Z",
      "updated_at": "2022-01-12T14:12:57.981Z",
      "question": 6,
      "answer": "Answer Trigonometry 2 - 1",
      "correct": false
    }
  },
  {
    "model": "quizzes.answer",
    "pk": 22,
    "fields": {
      "created_at": "2022-01-12T14:13:01.271Z",
      "updated_at": "2022-01-12T14:13:01.271Z",
      "question": 6,
      "answer": "Answer Trigonometry 2 - 2",
      "correct": false
    }
  },
  {
    "model": "quizzes.answer",
    "pk": 23,
    "fields": {
      "created_at": "2022-01-12T14:13:05.585Z",
      "updated_at": "2022-01-12T14:13:05.585Z",
      "question": 6,
      "answer": "Answer Trigonometry 2 - 3",
      "correct": true
    }
  },
  {
    "model": "quizzes.answer",
    "pk": 24,
    "fields": {
      "created_at": "2022-01-12T14:13:09.447Z",
      "updated_at": "2022-01-12T14:13:09.447Z",
      "question": 6,
      "answer": "Answer Trigonometry 2 - 4",
      "correct": false
    }
  },
  {
    "model": "quizzes.answer",
    "pk": 25,
    "fields": {
      "created_at": "2022-01-12T14:13:25.120Z",
      "updated_at": "2022-01-12T14:13:25.120Z",
      "question": 7,
      "answer": "Answer Trigonometry 3 - 1",
      "correct": true
    }
  },
  {
    "model": "quizzes.answer",
    "pk": 26,
    "fields": {
      "created_at": "2022-01-12T14:13:29.545Z",
      "updated_at": "2022-01-12T14:13:29.545Z",
      "question": 7,
      "answer": "Answer Trigonometry 3 - 2",
      "correct": false
    }
  },
  {
    "model": "quizzes.answer",
    "pk": 27,
    "fields": {
      "created_at": "2022-01-12T14:13:34.278Z",
      "updated_at": "2022-01-12T14:13:34.278Z",
      "question": 7,
      "answer": "Answer Trigonometry 3 - 3",
      "correct": false
    }
  },
  {
    "model": "quizzes.answer",
    "pk": 28,
    "fields": {
      "created_at": "2022-01-12T14:13:39.719Z",
      "updated_at": "2022-01-12T14:13:39.719Z",
      "question": 7,
      "answer": "Answer Trigonometry 3 - 4",
      "correct": false
    }
  },
  {
    "model": "quizzes.answer",
    "pk": 29,
    "fields": {
      "created_at": "2022-01-12T14:13:49.848Z",
      "updated_at": "2022-01-12T14:13:49.848Z",
      "question": 8,
      "answer": "Answer Trigonometry 4 - 1",
      "correct": true
    }
  },
  {
    "model": "quizzes.answer",
    "pk": 30,
    "fields": {
      "created_at": "2022-01-12T14:13:53.382Z",
      "updated_at": "2022-01-12T14:13:53.382Z",
      "question": 8,
      "answer": "Answer Trigonometry 4 - 2",
      "correct": false
    }
  },
  {
    "model": "quizzes.answer",
    "pk": 31,
    "fields": {
      "created_at": "2022-01-12T14:13:59.579Z",
      "updated_at": "2022-01-12T14:13:59.579Z",
      "question": 8,
      "answer": "Answer Trigonometry 4 - 3",
      "correct": false
    }
  },
  {
    "model": "quizzes.answer",
    "pk": 32,
    "fields": {
      "created_at": "2022-01-12T14:14:03.828Z",
      "updated_at": "2022-01-12T14:14:03.828Z",
      "question": 8,
      "answer": "Answer Trigonometry 4 - 4",
      "correct": false
    }
  },
  {
    "model": "quizzes.answer",
    "pk": 33,
    "fields": {
      "created_at": "2022-01-12T14:14:13.501Z",
      "updated_at": "2022-01-12T14:14:13.501Z",
      "question": 9,
      "answer": "Answer Trigonometry 5 - 1",
      "correct": true
    }
  },
  {
    "model": "quizzes.answer",
    "pk": 34,
    "fields": {
      "created_at": "2022-01-12T14:14:17.307Z",
      "updated_at": "2022-01-12T14:14:17.307Z",
      "question": 9,
      "answer": "Answer Trigonometry 5 - 2",
      "correct": false
    }
  },
  {
    "model": "quizzes.answer",
    "pk": 35,
    "fields": {
      "created_at": "2022-01-12T14:14:23.814Z",
      "updated_at": "2022-01-12T14:14:23.814Z",
      "question": 9,
      "answer": "Answer Trigonometry 5 - 3",
      "correct": false
    }
  },
  {
    "model": "quizzes.answer",
    "pk": 36,
    "fields": {
      "created_at": "2022-01-12T14:14:28.171Z",
      "updated_at": "2022-01-12T14:14:28.171Z",
      "question": 9,
      "answer": "Answer Trigonometry 5 - 4",
      "correct": false
    }
  },
  {
    "model": "quizzes.answer",
    "pk": 37,
    "fields": {
      "created_at": "2022-01-12T14:14:59.194Z",
      "updated_at": "2022-01-12T14:14:59.194Z",
      "question": 10,
      "answer": "Answer Geometry 1 - 1",
      "correct": true
    }
  },
  {
    "model": "quizzes.answer",
    "pk": 38,
    "fields": {
      "created_at": "2022-01-12T14:15:04.638Z",
      "updated_at": "2022-01-12T14:15:04.638Z",
      "question": 10,
      "answer": "Answer Geometry 1 - 2",
      "correct": false
    }
  },
  {
    "model": "quizzes.answer",
    "pk": 39,
    "fields": {
      "created_at": "2022-01-12T14:15:08.810Z",
      "updated_at": "2022-01-12T14:15:08.810Z",
      "question": 10,
      "answer": "Answer Geometry 1 - 3",
      "correct": false
    }
  },
  {
    "model": "quizzes.answer",
    "pk": 40,
    "fields": {
      "created_at": "2022-01-12T14:15:14.487Z",
      "updated_at": "2022-01-12T14:15:14.487Z",
      "question": 10,
      "answer": "Answer Geometry 1 - 4",
      "correct": false
    }
  },
  {
    "model": "quizzes.answer",
    "pk": 41,
    "fields": {
      "created_at": "2022-01-12T14:15:20.978Z",
      "updated_at": "2022-01-12T14:15:20.978Z",
      "question": 11,
      "answer": "Answer Geometry 2 - 1",
      "correct": true
    }
  },
  {
    "model": "quizzes.answer",
    "pk": 42,
    "fields": {
      "created_at": "2022-01-12T14:15:26.189Z",
      "updated_at": "2022-01-12T14:15:26.189Z",
      "question": 11,
      "answer": "Answer Geometry 2 - 2",
      "correct": false
    }
  },
  {
    "model": "quizzes.answer",
    "pk": 43,
    "fields": {
      "created_at": "2022-01-12T14:15:29.947Z",
      "updated_at": "2022-01-12T14:15:29.947Z",
      "question": 11,
      "answer": "Answer Geometry 2 - 3",
      "correct": false
    }
  },
  {
    "model": "quizzes.answer",
    "pk": 44,
    "fields": {
      "created_at": "2022-01-12T14:15:34.763Z",
      "updated_at": "2022-01-12T14:15:34.763Z",
      "question": 11,
      "answer": "Answer Geometry 2 - 4",
      "correct": false
    }
  }
]